{"__type__": "Result", "__value__": {"backend_name": "ibm_brisbane", "backend_version": "0.0.0", "date": {"__type__": "datetime", "__value__": "2024-09-06T22:31:26.965833+00:00"}, "header": {"backend_name": "ibm_brisbane", "backend_version": "1.1.36"}, "qobj_id": "Unknown", "job_id": "Unknown", "status": "done", "success": true, "results": [{"shots": 10000, "success": true, "data": {"counts": {"0x1": 2146, "0x0": 7854}}, "meas_level": 2, "header": {"qubit_labels": [["q", 0], ["q", 1], ["q", 2], ["q", 3], ["q", 4], ["q", 5], ["q", 6], ["q", 7], ["q", 8], ["q", 9], ["q", 10], ["q", 11], ["q", 12], ["q", 13], ["q", 14], ["q", 15], ["q", 16], ["q", 17], ["q", 18], ["q", 19], ["q", 20], ["q", 21], ["q", 22], ["q", 23], ["q", 24], ["q", 25], ["q", 26], ["q", 27], ["q", 28], ["q", 29], ["q", 30], ["q", 31], ["q", 32], ["q", 33], ["q", 34], ["q", 35], ["q", 36], ["q", 37], ["q", 38], ["q", 39], ["q", 40], ["q", 41], ["q", 42], ["q", 43], ["q", 44], ["q", 45], ["q", 46], ["q", 47], ["q", 48], ["q", 49], ["q", 50], ["q", 51], ["q", 52], ["q", 53], ["q", 54], ["q", 55], ["q", 56], ["q", 57], ["q", 58], ["q", 59], ["q", 60], ["q", 61], ["q", 62], ["q", 63], ["q", 64], ["q", 65], ["q", 66], ["q", 67], ["q", 68], ["q", 69], ["q", 70], ["q", 71], ["q", 72], ["q", 73], ["q", 74], ["q", 75], ["q", 76], ["q", 77], ["q", 78], ["q", 79], ["q", 80], ["q", 81], ["q", 82], ["q", 83], ["q", 84], ["q", 85], ["q", 86], ["q", 87], ["q", 88], ["q", 89], ["q", 90], ["q", 91], ["q", 92], ["q", 93], ["q", 94], ["q", 95], ["q", 96], ["q", 97], ["q", 98], ["q", 99], ["q", 100], ["q", 101], ["q", 102], ["q", 103], ["q", 104], ["q", 105], ["q", 106], ["q", 107], ["q", 108], ["q", 109], ["q", 110], ["q", 111], ["q", 112], ["q", 113], ["q", 114], ["q", 115], ["q", 116], ["q", 117], ["q", 118], ["q", 119], ["q", 120], ["q", 121], ["q", 122], ["q", 123], ["q", 124], ["q", 125], ["q", 126]], "n_qubits": 127, "qreg_sizes": [["q", 127]], "clbit_labels": [["c191", 0]], "memory_slots": 1, "creg_sizes": [["c191", 1]], "name": "circuit-157576", "global_phase": 4.71238898038469, "metadata": {}}, "status": "done", "meas_return": "avg"}, {"shots": 10000, "success": true, "data": {"counts": {"0x1": 2658, "0x0": 7342}}, "meas_level": 2, "header": {"qubit_labels": [["q", 0], ["q", 1], ["q", 2], ["q", 3], ["q", 4], ["q", 5], ["q", 6], ["q", 7], ["q", 8], ["q", 9], ["q", 10], ["q", 11], ["q", 12], ["q", 13], ["q", 14], ["q", 15], ["q", 16], ["q", 17], ["q", 18], ["q", 19], ["q", 20], ["q", 21], ["q", 22], ["q", 23], ["q", 24], ["q", 25], ["q", 26], ["q", 27], ["q", 28], ["q", 29], ["q", 30], ["q", 31], ["q", 32], ["q", 33], ["q", 34], ["q", 35], ["q", 36], ["q", 37], ["q", 38], ["q", 39], ["q", 40], ["q", 41], ["q", 42], ["q", 43], ["q", 44], ["q", 45], ["q", 46], ["q", 47], ["q", 48], ["q", 49], ["q", 50], ["q", 51], ["q", 52], ["q", 53], ["q", 54], ["q", 55], ["q", 56], ["q", 57], ["q", 58], ["q", 59], ["q", 60], ["q", 61], ["q", 62], ["q", 63], ["q", 64], ["q", 65], ["q", 66], ["q", 67], ["q", 68], ["q", 69], ["q", 70], ["q", 71], ["q", 72], ["q", 73], ["q", 74], ["q", 75], ["q", 76], ["q", 77], ["q", 78], ["q", 79], ["q", 80], ["q", 81], ["q", 82], ["q", 83], ["q", 84], ["q", 85], ["q", 86], ["q", 87], ["q", 88], ["q", 89], ["q", 90], ["q", 91], ["q", 92], ["q", 93], ["q", 94], ["q", 95], ["q", 96], ["q", 97], ["q", 98], ["q", 99], ["q", 100], ["q", 101], ["q", 102], ["q", 103], ["q", 104], ["q", 105], ["q", 106], ["q", 107], ["q", 108], ["q", 109], ["q", 110], ["q", 111], ["q", 112], ["q", 113], ["q", 114], ["q", 115], ["q", 116], ["q", 117], ["q", 118], ["q", 119], ["q", 120], ["q", 121], ["q", 122], ["q", 123], ["q", 124], ["q", 125], ["q", 126]], "n_qubits": 127, "qreg_sizes": [["q", 127]], "clbit_labels": [["c192", 0]], "memory_slots": 1, "creg_sizes": [["c192", 1]], "name": "circuit-157628", "global_phase": 3.141592653589793, "metadata": {}}, "status": "done", "meas_return": "avg"}, {"shots": 10000, "success": true, "data": {"counts": {"0x1": 2902, "0x0": 7098}}, "meas_level": 2, "header": {"qubit_labels": [["q", 0], ["q", 1], ["q", 2], ["q", 3], ["q", 4], ["q", 5], ["q", 6], ["q", 7], ["q", 8], ["q", 9], ["q", 10], ["q", 11], ["q", 12], ["q", 13], ["q", 14], ["q", 15], ["q", 16], ["q", 17], ["q", 18], ["q", 19], ["q", 20], ["q", 21], ["q", 22], ["q", 23], ["q", 24], ["q", 25], ["q", 26], ["q", 27], ["q", 28], ["q", 29], ["q", 30], ["q", 31], ["q", 32], ["q", 33], ["q", 34], ["q", 35], ["q", 36], ["q", 37], ["q", 38], ["q", 39], ["q", 40], ["q", 41], ["q", 42], ["q", 43], ["q", 44], ["q", 45], ["q", 46], ["q", 47], ["q", 48], ["q", 49], ["q", 50], ["q", 51], ["q", 52], ["q", 53], ["q", 54], ["q", 55], ["q", 56], ["q", 57], ["q", 58], ["q", 59], ["q", 60], ["q", 61], ["q", 62], ["q", 63], ["q", 64], ["q", 65], ["q", 66], ["q", 67], ["q", 68], ["q", 69], ["q", 70], ["q", 71], ["q", 72], ["q", 73], ["q", 74], ["q", 75], ["q", 76], ["q", 77], ["q", 78], ["q", 79], ["q", 80], ["q", 81], ["q", 82], ["q", 83], ["q", 84], ["q", 85], ["q", 86], ["q", 87], ["q", 88], ["q", 89], ["q", 90], ["q", 91], ["q", 92], ["q", 93], ["q", 94], ["q", 95], ["q", 96], ["q", 97], ["q", 98], ["q", 99], ["q", 100], ["q", 101], ["q", 102], ["q", 103], ["q", 104], ["q", 105], ["q", 106], ["q", 107], ["q", 108], ["q", 109], ["q", 110], ["q", 111], ["q", 112], ["q", 113], ["q", 114], ["q", 115], ["q", 116], ["q", 117], ["q", 118], ["q", 119], ["q", 120], ["q", 121], ["q", 122], ["q", 123], ["q", 124], ["q", 125], ["q", 126]], "n_qubits": 127, "qreg_sizes": [["q", 127]], "clbit_labels": [["c193", 0]], "memory_slots": 1, "creg_sizes": [["c193", 1]], "name": "circuit-157724", "global_phase": 1.5707963267948966, "metadata": {}}, "status": "done", "meas_return": "avg"}, {"shots": 10000, "success": true, "data": {"counts": {"0x1": 2891, "0x0": 7109}}, "meas_level": 2, "header": {"qubit_labels": [["q", 0], ["q", 1], ["q", 2], ["q", 3], ["q", 4], ["q", 5], ["q", 6], ["q", 7], ["q", 8], ["q", 9], ["q", 10], ["q", 11], ["q", 12], ["q", 13], ["q", 14], ["q", 15], ["q", 16], ["q", 17], ["q", 18], ["q", 19], ["q", 20], ["q", 21], ["q", 22], ["q", 23], ["q", 24], ["q", 25], ["q", 26], ["q", 27], ["q", 28], ["q", 29], ["q", 30], ["q", 31], ["q", 32], ["q", 33], ["q", 34], ["q", 35], ["q", 36], ["q", 37], ["q", 38], ["q", 39], ["q", 40], ["q", 41], ["q", 42], ["q", 43], ["q", 44], ["q", 45], ["q", 46], ["q", 47], ["q", 48], ["q", 49], ["q", 50], ["q", 51], ["q", 52], ["q", 53], ["q", 54], ["q", 55], ["q", 56], ["q", 57], ["q", 58], ["q", 59], ["q", 60], ["q", 61], ["q", 62], ["q", 63], ["q", 64], ["q", 65], ["q", 66], ["q", 67], ["q", 68], ["q", 69], ["q", 70], ["q", 71], ["q", 72], ["q", 73], ["q", 74], ["q", 75], ["q", 76], ["q", 77], ["q", 78], ["q", 79], ["q", 80], ["q", 81], ["q", 82], ["q", 83], ["q", 84], ["q", 85], ["q", 86], ["q", 87], ["q", 88], ["q", 89], ["q", 90], ["q", 91], ["q", 92], ["q", 93], ["q", 94], ["q", 95], ["q", 96], ["q", 97], ["q", 98], ["q", 99], ["q", 100], ["q", 101], ["q", 102], ["q", 103], ["q", 104], ["q", 105], ["q", 106], ["q", 107], ["q", 108], ["q", 109], ["q", 110], ["q", 111], ["q", 112], ["q", 113], ["q", 114], ["q", 115], ["q", 116], ["q", 117], ["q", 118], ["q", 119], ["q", 120], ["q", 121], ["q", 122], ["q", 123], ["q", 124], ["q", 125], ["q", 126]], "n_qubits": 127, "qreg_sizes": [["q", 127]], "clbit_labels": [["c194", 0]], "memory_slots": 1, "creg_sizes": [["c194", 1]], "name": "circuit-157864", "global_phase": 0, "metadata": {}}, "status": "done", "meas_return": "avg"}, {"shots": 10000, "success": true, "data": {"counts": {"0x1": 2955, "0x0": 7045}}, "meas_level": 2, "header": {"qubit_labels": [["q", 0], ["q", 1], ["q", 2], ["q", 3], ["q", 4], ["q", 5], ["q", 6], ["q", 7], ["q", 8], ["q", 9], ["q", 10], ["q", 11], ["q", 12], ["q", 13], ["q", 14], ["q", 15], ["q", 16], ["q", 17], ["q", 18], ["q", 19], ["q", 20], ["q", 21], ["q", 22], ["q", 23], ["q", 24], ["q", 25], ["q", 26], ["q", 27], ["q", 28], ["q", 29], ["q", 30], ["q", 31], ["q", 32], ["q", 33], ["q", 34], ["q", 35], ["q", 36], ["q", 37], ["q", 38], ["q", 39], ["q", 40], ["q", 41], ["q", 42], ["q", 43], ["q", 44], ["q", 45], ["q", 46], ["q", 47], ["q", 48], ["q", 49], ["q", 50], ["q", 51], ["q", 52], ["q", 53], ["q", 54], ["q", 55], ["q", 56], ["q", 57], ["q", 58], ["q", 59], ["q", 60], ["q", 61], ["q", 62], ["q", 63], ["q", 64], ["q", 65], ["q", 66], ["q", 67], ["q", 68], ["q", 69], ["q", 70], ["q", 71], ["q", 72], ["q", 73], ["q", 74], ["q", 75], ["q", 76], ["q", 77], ["q", 78], ["q", 79], ["q", 80], ["q", 81], ["q", 82], ["q", 83], ["q", 84], ["q", 85], ["q", 86], ["q", 87], ["q", 88], ["q", 89], ["q", 90], ["q", 91], ["q", 92], ["q", 93], ["q", 94], ["q", 95], ["q", 96], ["q", 97], ["q", 98], ["q", 99], ["q", 100], ["q", 101], ["q", 102], ["q", 103], ["q", 104], ["q", 105], ["q", 106], ["q", 107], ["q", 108], ["q", 109], ["q", 110], ["q", 111], ["q", 112], ["q", 113], ["q", 114], ["q", 115], ["q", 116], ["q", 117], ["q", 118], ["q", 119], ["q", 120], ["q", 121], ["q", 122], ["q", 123], ["q", 124], ["q", 125], ["q", 126]], "n_qubits": 127, "qreg_sizes": [["q", 127]], "clbit_labels": [["c195", 0]], "memory_slots": 1, "creg_sizes": [["c195", 1]], "name": "circuit-158048", "global_phase": 4.71238898038469, "metadata": {}}, "status": "done", "meas_return": "avg"}, {"shots": 10000, "success": true, "data": {"counts": {"0x1": 3067, "0x0": 6933}}, "meas_level": 2, "header": {"qubit_labels": [["q", 0], ["q", 1], ["q", 2], ["q", 3], ["q", 4], ["q", 5], ["q", 6], ["q", 7], ["q", 8], ["q", 9], ["q", 10], ["q", 11], ["q", 12], ["q", 13], ["q", 14], ["q", 15], ["q", 16], ["q", 17], ["q", 18], ["q", 19], ["q", 20], ["q", 21], ["q", 22], ["q", 23], ["q", 24], ["q", 25], ["q", 26], ["q", 27], ["q", 28], ["q", 29], ["q", 30], ["q", 31], ["q", 32], ["q", 33], ["q", 34], ["q", 35], ["q", 36], ["q", 37], ["q", 38], ["q", 39], ["q", 40], ["q", 41], ["q", 42], ["q", 43], ["q", 44], ["q", 45], ["q", 46], ["q", 47], ["q", 48], ["q", 49], ["q", 50], ["q", 51], ["q", 52], ["q", 53], ["q", 54], ["q", 55], ["q", 56], ["q", 57], ["q", 58], ["q", 59], ["q", 60], ["q", 61], ["q", 62], ["q", 63], ["q", 64], ["q", 65], ["q", 66], ["q", 67], ["q", 68], ["q", 69], ["q", 70], ["q", 71], ["q", 72], ["q", 73], ["q", 74], ["q", 75], ["q", 76], ["q", 77], ["q", 78], ["q", 79], ["q", 80], ["q", 81], ["q", 82], ["q", 83], ["q", 84], ["q", 85], ["q", 86], ["q", 87], ["q", 88], ["q", 89], ["q", 90], ["q", 91], ["q", 92], ["q", 93], ["q", 94], ["q", 95], ["q", 96], ["q", 97], ["q", 98], ["q", 99], ["q", 100], ["q", 101], ["q", 102], ["q", 103], ["q", 104], ["q", 105], ["q", 106], ["q", 107], ["q", 108], ["q", 109], ["q", 110], ["q", 111], ["q", 112], ["q", 113], ["q", 114], ["q", 115], ["q", 116], ["q", 117], ["q", 118], ["q", 119], ["q", 120], ["q", 121], ["q", 122], ["q", 123], ["q", 124], ["q", 125], ["q", 126]], "n_qubits": 127, "qreg_sizes": [["q", 127]], "clbit_labels": [["c196", 0]], "memory_slots": 1, "creg_sizes": [["c196", 1]], "name": "circuit-158276", "global_phase": 3.141592653589793, "metadata": {}}, "status": "done", "meas_return": "avg"}, {"shots": 10000, "success": true, "data": {"counts": {"0x1": 3006, "0x0": 6994}}, "meas_level": 2, "header": {"qubit_labels": [["q", 0], ["q", 1], ["q", 2], ["q", 3], ["q", 4], ["q", 5], ["q", 6], ["q", 7], ["q", 8], ["q", 9], ["q", 10], ["q", 11], ["q", 12], ["q", 13], ["q", 14], ["q", 15], ["q", 16], ["q", 17], ["q", 18], ["q", 19], ["q", 20], ["q", 21], ["q", 22], ["q", 23], ["q", 24], ["q", 25], ["q", 26], ["q", 27], ["q", 28], ["q", 29], ["q", 30], ["q", 31], ["q", 32], ["q", 33], ["q", 34], ["q", 35], ["q", 36], ["q", 37], ["q", 38], ["q", 39], ["q", 40], ["q", 41], ["q", 42], ["q", 43], ["q", 44], ["q", 45], ["q", 46], ["q", 47], ["q", 48], ["q", 49], ["q", 50], ["q", 51], ["q", 52], ["q", 53], ["q", 54], ["q", 55], ["q", 56], ["q", 57], ["q", 58], ["q", 59], ["q", 60], ["q", 61], ["q", 62], ["q", 63], ["q", 64], ["q", 65], ["q", 66], ["q", 67], ["q", 68], ["q", 69], ["q", 70], ["q", 71], ["q", 72], ["q", 73], ["q", 74], ["q", 75], ["q", 76], ["q", 77], ["q", 78], ["q", 79], ["q", 80], ["q", 81], ["q", 82], ["q", 83], ["q", 84], ["q", 85], ["q", 86], ["q", 87], ["q", 88], ["q", 89], ["q", 90], ["q", 91], ["q", 92], ["q", 93], ["q", 94], ["q", 95], ["q", 96], ["q", 97], ["q", 98], ["q", 99], ["q", 100], ["q", 101], ["q", 102], ["q", 103], ["q", 104], ["q", 105], ["q", 106], ["q", 107], ["q", 108], ["q", 109], ["q", 110], ["q", 111], ["q", 112], ["q", 113], ["q", 114], ["q", 115], ["q", 116], ["q", 117], ["q", 118], ["q", 119], ["q", 120], ["q", 121], ["q", 122], ["q", 123], ["q", 124], ["q", 125], ["q", 126]], "n_qubits": 127, "qreg_sizes": [["q", 127]], "clbit_labels": [["c197", 0]], "memory_slots": 1, "creg_sizes": [["c197", 1]], "name": "circuit-158548", "global_phase": 1.5707963267948966, "metadata": {}}, "status": "done", "meas_return": "avg"}, {"shots": 10000, "success": true, "data": {"counts": {"0x1": 2917, "0x0": 7083}}, "meas_level": 2, "header": {"qubit_labels": [["q", 0], ["q", 1], ["q", 2], ["q", 3], ["q", 4], ["q", 5], ["q", 6], ["q", 7], ["q", 8], ["q", 9], ["q", 10], ["q", 11], ["q", 12], ["q", 13], ["q", 14], ["q", 15], ["q", 16], ["q", 17], ["q", 18], ["q", 19], ["q", 20], ["q", 21], ["q", 22], ["q", 23], ["q", 24], ["q", 25], ["q", 26], ["q", 27], ["q", 28], ["q", 29], ["q", 30], ["q", 31], ["q", 32], ["q", 33], ["q", 34], ["q", 35], ["q", 36], ["q", 37], ["q", 38], ["q", 39], ["q", 40], ["q", 41], ["q", 42], ["q", 43], ["q", 44], ["q", 45], ["q", 46], ["q", 47], ["q", 48], ["q", 49], ["q", 50], ["q", 51], ["q", 52], ["q", 53], ["q", 54], ["q", 55], ["q", 56], ["q", 57], ["q", 58], ["q", 59], ["q", 60], ["q", 61], ["q", 62], ["q", 63], ["q", 64], ["q", 65], ["q", 66], ["q", 67], ["q", 68], ["q", 69], ["q", 70], ["q", 71], ["q", 72], ["q", 73], ["q", 74], ["q", 75], ["q", 76], ["q", 77], ["q", 78], ["q", 79], ["q", 80], ["q", 81], ["q", 82], ["q", 83], ["q", 84], ["q", 85], ["q", 86], ["q", 87], ["q", 88], ["q", 89], ["q", 90], ["q", 91], ["q", 92], ["q", 93], ["q", 94], ["q", 95], ["q", 96], ["q", 97], ["q", 98], ["q", 99], ["q", 100], ["q", 101], ["q", 102], ["q", 103], ["q", 104], ["q", 105], ["q", 106], ["q", 107], ["q", 108], ["q", 109], ["q", 110], ["q", 111], ["q", 112], ["q", 113], ["q", 114], ["q", 115], ["q", 116], ["q", 117], ["q", 118], ["q", 119], ["q", 120], ["q", 121], ["q", 122], ["q", 123], ["q", 124], ["q", 125], ["q", 126]], "n_qubits": 127, "qreg_sizes": [["q", 127]], "clbit_labels": [["c198", 0]], "memory_slots": 1, "creg_sizes": [["c198", 1]], "name": "circuit-158864", "global_phase": 0, "metadata": {}}, "status": "done", "meas_return": "avg"}, {"shots": 10000, "success": true, "data": {"counts": {"0x1": 2960, "0x0": 7040}}, "meas_level": 2, "header": {"qubit_labels": [["q", 0], ["q", 1], ["q", 2], ["q", 3], ["q", 4], ["q", 5], ["q", 6], ["q", 7], ["q", 8], ["q", 9], ["q", 10], ["q", 11], ["q", 12], ["q", 13], ["q", 14], ["q", 15], ["q", 16], ["q", 17], ["q", 18], ["q", 19], ["q", 20], ["q", 21], ["q", 22], ["q", 23], ["q", 24], ["q", 25], ["q", 26], ["q", 27], ["q", 28], ["q", 29], ["q", 30], ["q", 31], ["q", 32], ["q", 33], ["q", 34], ["q", 35], ["q", 36], ["q", 37], ["q", 38], ["q", 39], ["q", 40], ["q", 41], ["q", 42], ["q", 43], ["q", 44], ["q", 45], ["q", 46], ["q", 47], ["q", 48], ["q", 49], ["q", 50], ["q", 51], ["q", 52], ["q", 53], ["q", 54], ["q", 55], ["q", 56], ["q", 57], ["q", 58], ["q", 59], ["q", 60], ["q", 61], ["q", 62], ["q", 63], ["q", 64], ["q", 65], ["q", 66], ["q", 67], ["q", 68], ["q", 69], ["q", 70], ["q", 71], ["q", 72], ["q", 73], ["q", 74], ["q", 75], ["q", 76], ["q", 77], ["q", 78], ["q", 79], ["q", 80], ["q", 81], ["q", 82], ["q", 83], ["q", 84], ["q", 85], ["q", 86], ["q", 87], ["q", 88], ["q", 89], ["q", 90], ["q", 91], ["q", 92], ["q", 93], ["q", 94], ["q", 95], ["q", 96], ["q", 97], ["q", 98], ["q", 99], ["q", 100], ["q", 101], ["q", 102], ["q", 103], ["q", 104], ["q", 105], ["q", 106], ["q", 107], ["q", 108], ["q", 109], ["q", 110], ["q", 111], ["q", 112], ["q", 113], ["q", 114], ["q", 115], ["q", 116], ["q", 117], ["q", 118], ["q", 119], ["q", 120], ["q", 121], ["q", 122], ["q", 123], ["q", 124], ["q", 125], ["q", 126]], "n_qubits": 127, "qreg_sizes": [["q", 127]], "clbit_labels": [["c199", 0]], "memory_slots": 1, "creg_sizes": [["c199", 1]], "name": "circuit-159224", "global_phase": 4.71238898038469, "metadata": {}}, "status": "done", "meas_return": "avg"}, {"shots": 10000, "success": true, "data": {"counts": {"0x1": 3009, "0x0": 6991}}, "meas_level": 2, "header": {"qubit_labels": [["q", 0], ["q", 1], ["q", 2], ["q", 3], ["q", 4], ["q", 5], ["q", 6], ["q", 7], ["q", 8], ["q", 9], ["q", 10], ["q", 11], ["q", 12], ["q", 13], ["q", 14], ["q", 15], ["q", 16], ["q", 17], ["q", 18], ["q", 19], ["q", 20], ["q", 21], ["q", 22], ["q", 23], ["q", 24], ["q", 25], ["q", 26], ["q", 27], ["q", 28], ["q", 29], ["q", 30], ["q", 31], ["q", 32], ["q", 33], ["q", 34], ["q", 35], ["q", 36], ["q", 37], ["q", 38], ["q", 39], ["q", 40], ["q", 41], ["q", 42], ["q", 43], ["q", 44], ["q", 45], ["q", 46], ["q", 47], ["q", 48], ["q", 49], ["q", 50], ["q", 51], ["q", 52], ["q", 53], ["q", 54], ["q", 55], ["q", 56], ["q", 57], ["q", 58], ["q", 59], ["q", 60], ["q", 61], ["q", 62], ["q", 63], ["q", 64], ["q", 65], ["q", 66], ["q", 67], ["q", 68], ["q", 69], ["q", 70], ["q", 71], ["q", 72], ["q", 73], ["q", 74], ["q", 75], ["q", 76], ["q", 77], ["q", 78], ["q", 79], ["q", 80], ["q", 81], ["q", 82], ["q", 83], ["q", 84], ["q", 85], ["q", 86], ["q", 87], ["q", 88], ["q", 89], ["q", 90], ["q", 91], ["q", 92], ["q", 93], ["q", 94], ["q", 95], ["q", 96], ["q", 97], ["q", 98], ["q", 99], ["q", 100], ["q", 101], ["q", 102], ["q", 103], ["q", 104], ["q", 105], ["q", 106], ["q", 107], ["q", 108], ["q", 109], ["q", 110], ["q", 111], ["q", 112], ["q", 113], ["q", 114], ["q", 115], ["q", 116], ["q", 117], ["q", 118], ["q", 119], ["q", 120], ["q", 121], ["q", 122], ["q", 123], ["q", 124], ["q", 125], ["q", 126]], "n_qubits": 127, "qreg_sizes": [["q", 127]], "clbit_labels": [["c200", 0]], "memory_slots": 1, "creg_sizes": [["c200", 1]], "name": "circuit-159628", "global_phase": 3.141592653589793, "metadata": {}}, "status": "done", "meas_return": "avg"}], "execution_id": "", "time_taken": 42.739487797, "error": null}}