{"__type__": "Result", "__value__": {"backend_name": "ibm_brisbane", "backend_version": "0.0.0", "date": {"__type__": "datetime", "__value__": "2024-09-07T12:18:18.647096+00:00"}, "header": {"backend_name": "ibm_brisbane", "backend_version": "1.1.36"}, "qobj_id": "Unknown", "job_id": "Unknown", "status": "done", "success": true, "results": [{"shots": 10000, "success": true, "data": {"counts": {"0x0": 4704, "0x1": 5296}}, "meas_level": 2, "header": {"qubit_labels": [["q", 0], ["q", 1], ["q", 2], ["q", 3], ["q", 4], ["q", 5], ["q", 6], ["q", 7], ["q", 8], ["q", 9], ["q", 10], ["q", 11], ["q", 12], ["q", 13], ["q", 14], ["q", 15], ["q", 16], ["q", 17], ["q", 18], ["q", 19], ["q", 20], ["q", 21], ["q", 22], ["q", 23], ["q", 24], ["q", 25], ["q", 26], ["q", 27], ["q", 28], ["q", 29], ["q", 30], ["q", 31], ["q", 32], ["q", 33], ["q", 34], ["q", 35], ["q", 36], ["q", 37], ["q", 38], ["q", 39], ["q", 40], ["q", 41], ["q", 42], ["q", 43], ["q", 44], ["q", 45], ["q", 46], ["q", 47], ["q", 48], ["q", 49], ["q", 50], ["q", 51], ["q", 52], ["q", 53], ["q", 54], ["q", 55], ["q", 56], ["q", 57], ["q", 58], ["q", 59], ["q", 60], ["q", 61], ["q", 62], ["q", 63], ["q", 64], ["q", 65], ["q", 66], ["q", 67], ["q", 68], ["q", 69], ["q", 70], ["q", 71], ["q", 72], ["q", 73], ["q", 74], ["q", 75], ["q", 76], ["q", 77], ["q", 78], ["q", 79], ["q", 80], ["q", 81], ["q", 82], ["q", 83], ["q", 84], ["q", 85], ["q", 86], ["q", 87], ["q", 88], ["q", 89], ["q", 90], ["q", 91], ["q", 92], ["q", 93], ["q", 94], ["q", 95], ["q", 96], ["q", 97], ["q", 98], ["q", 99], ["q", 100], ["q", 101], ["q", 102], ["q", 103], ["q", 104], ["q", 105], ["q", 106], ["q", 107], ["q", 108], ["q", 109], ["q", 110], ["q", 111], ["q", 112], ["q", 113], ["q", 114], ["q", 115], ["q", 116], ["q", 117], ["q", 118], ["q", 119], ["q", 120], ["q", 121], ["q", 122], ["q", 123], ["q", 124], ["q", 125], ["q", 126]], "n_qubits": 127, "qreg_sizes": [["q", 127]], "clbit_labels": [["c349", 0]], "memory_slots": 1, "creg_sizes": [["c349", 1]], "name": "circuit-288479", "global_phase": 5.497787143782138, "metadata": {}}, "status": "done", "meas_return": "avg"}, {"shots": 10000, "success": true, "data": {"counts": {"0x0": 5084, "0x1": 4916}}, "meas_level": 2, "header": {"qubit_labels": [["q", 0], ["q", 1], ["q", 2], ["q", 3], ["q", 4], ["q", 5], ["q", 6], ["q", 7], ["q", 8], ["q", 9], ["q", 10], ["q", 11], ["q", 12], ["q", 13], ["q", 14], ["q", 15], ["q", 16], ["q", 17], ["q", 18], ["q", 19], ["q", 20], ["q", 21], ["q", 22], ["q", 23], ["q", 24], ["q", 25], ["q", 26], ["q", 27], ["q", 28], ["q", 29], ["q", 30], ["q", 31], ["q", 32], ["q", 33], ["q", 34], ["q", 35], ["q", 36], ["q", 37], ["q", 38], ["q", 39], ["q", 40], ["q", 41], ["q", 42], ["q", 43], ["q", 44], ["q", 45], ["q", 46], ["q", 47], ["q", 48], ["q", 49], ["q", 50], ["q", 51], ["q", 52], ["q", 53], ["q", 54], ["q", 55], ["q", 56], ["q", 57], ["q", 58], ["q", 59], ["q", 60], ["q", 61], ["q", 62], ["q", 63], ["q", 64], ["q", 65], ["q", 66], ["q", 67], ["q", 68], ["q", 69], ["q", 70], ["q", 71], ["q", 72], ["q", 73], ["q", 74], ["q", 75], ["q", 76], ["q", 77], ["q", 78], ["q", 79], ["q", 80], ["q", 81], ["q", 82], ["q", 83], ["q", 84], ["q", 85], ["q", 86], ["q", 87], ["q", 88], ["q", 89], ["q", 90], ["q", 91], ["q", 92], ["q", 93], ["q", 94], ["q", 95], ["q", 96], ["q", 97], ["q", 98], ["q", 99], ["q", 100], ["q", 101], ["q", 102], ["q", 103], ["q", 104], ["q", 105], ["q", 106], ["q", 107], ["q", 108], ["q", 109], ["q", 110], ["q", 111], ["q", 112], ["q", 113], ["q", 114], ["q", 115], ["q", 116], ["q", 117], ["q", 118], ["q", 119], ["q", 120], ["q", 121], ["q", 122], ["q", 123], ["q", 124], ["q", 125], ["q", 126]], "n_qubits": 127, "qreg_sizes": [["q", 127]], "clbit_labels": [["c350", 0]], "memory_slots": 1, "creg_sizes": [["c350", 1]], "name": "circuit-288531", "global_phase": 4.71238898038469, "metadata": {}}, "status": "done", "meas_return": "avg"}, {"shots": 10000, "success": true, "data": {"counts": {"0x0": 5836, "0x1": 4164}}, "meas_level": 2, "header": {"qubit_labels": [["q", 0], ["q", 1], ["q", 2], ["q", 3], ["q", 4], ["q", 5], ["q", 6], ["q", 7], ["q", 8], ["q", 9], ["q", 10], ["q", 11], ["q", 12], ["q", 13], ["q", 14], ["q", 15], ["q", 16], ["q", 17], ["q", 18], ["q", 19], ["q", 20], ["q", 21], ["q", 22], ["q", 23], ["q", 24], ["q", 25], ["q", 26], ["q", 27], ["q", 28], ["q", 29], ["q", 30], ["q", 31], ["q", 32], ["q", 33], ["q", 34], ["q", 35], ["q", 36], ["q", 37], ["q", 38], ["q", 39], ["q", 40], ["q", 41], ["q", 42], ["q", 43], ["q", 44], ["q", 45], ["q", 46], ["q", 47], ["q", 48], ["q", 49], ["q", 50], ["q", 51], ["q", 52], ["q", 53], ["q", 54], ["q", 55], ["q", 56], ["q", 57], ["q", 58], ["q", 59], ["q", 60], ["q", 61], ["q", 62], ["q", 63], ["q", 64], ["q", 65], ["q", 66], ["q", 67], ["q", 68], ["q", 69], ["q", 70], ["q", 71], ["q", 72], ["q", 73], ["q", 74], ["q", 75], ["q", 76], ["q", 77], ["q", 78], ["q", 79], ["q", 80], ["q", 81], ["q", 82], ["q", 83], ["q", 84], ["q", 85], ["q", 86], ["q", 87], ["q", 88], ["q", 89], ["q", 90], ["q", 91], ["q", 92], ["q", 93], ["q", 94], ["q", 95], ["q", 96], ["q", 97], ["q", 98], ["q", 99], ["q", 100], ["q", 101], ["q", 102], ["q", 103], ["q", 104], ["q", 105], ["q", 106], ["q", 107], ["q", 108], ["q", 109], ["q", 110], ["q", 111], ["q", 112], ["q", 113], ["q", 114], ["q", 115], ["q", 116], ["q", 117], ["q", 118], ["q", 119], ["q", 120], ["q", 121], ["q", 122], ["q", 123], ["q", 124], ["q", 125], ["q", 126]], "n_qubits": 127, "qreg_sizes": [["q", 127]], "clbit_labels": [["c351", 0]], "memory_slots": 1, "creg_sizes": [["c351", 1]], "name": "circuit-288627", "global_phase": 3.9269908169872423, "metadata": {}}, "status": "done", "meas_return": "avg"}, {"shots": 10000, "success": true, "data": {"counts": {"0x0": 5293, "0x1": 4707}}, "meas_level": 2, "header": {"qubit_labels": [["q", 0], ["q", 1], ["q", 2], ["q", 3], ["q", 4], ["q", 5], ["q", 6], ["q", 7], ["q", 8], ["q", 9], ["q", 10], ["q", 11], ["q", 12], ["q", 13], ["q", 14], ["q", 15], ["q", 16], ["q", 17], ["q", 18], ["q", 19], ["q", 20], ["q", 21], ["q", 22], ["q", 23], ["q", 24], ["q", 25], ["q", 26], ["q", 27], ["q", 28], ["q", 29], ["q", 30], ["q", 31], ["q", 32], ["q", 33], ["q", 34], ["q", 35], ["q", 36], ["q", 37], ["q", 38], ["q", 39], ["q", 40], ["q", 41], ["q", 42], ["q", 43], ["q", 44], ["q", 45], ["q", 46], ["q", 47], ["q", 48], ["q", 49], ["q", 50], ["q", 51], ["q", 52], ["q", 53], ["q", 54], ["q", 55], ["q", 56], ["q", 57], ["q", 58], ["q", 59], ["q", 60], ["q", 61], ["q", 62], ["q", 63], ["q", 64], ["q", 65], ["q", 66], ["q", 67], ["q", 68], ["q", 69], ["q", 70], ["q", 71], ["q", 72], ["q", 73], ["q", 74], ["q", 75], ["q", 76], ["q", 77], ["q", 78], ["q", 79], ["q", 80], ["q", 81], ["q", 82], ["q", 83], ["q", 84], ["q", 85], ["q", 86], ["q", 87], ["q", 88], ["q", 89], ["q", 90], ["q", 91], ["q", 92], ["q", 93], ["q", 94], ["q", 95], ["q", 96], ["q", 97], ["q", 98], ["q", 99], ["q", 100], ["q", 101], ["q", 102], ["q", 103], ["q", 104], ["q", 105], ["q", 106], ["q", 107], ["q", 108], ["q", 109], ["q", 110], ["q", 111], ["q", 112], ["q", 113], ["q", 114], ["q", 115], ["q", 116], ["q", 117], ["q", 118], ["q", 119], ["q", 120], ["q", 121], ["q", 122], ["q", 123], ["q", 124], ["q", 125], ["q", 126]], "n_qubits": 127, "qreg_sizes": [["q", 127]], "clbit_labels": [["c352", 0]], "memory_slots": 1, "creg_sizes": [["c352", 1]], "name": "circuit-288767", "global_phase": 3.141592653589793, "metadata": {}}, "status": "done", "meas_return": "avg"}, {"shots": 10000, "success": true, "data": {"counts": {"0x0": 5443, "0x1": 4557}}, "meas_level": 2, "header": {"qubit_labels": [["q", 0], ["q", 1], ["q", 2], ["q", 3], ["q", 4], ["q", 5], ["q", 6], ["q", 7], ["q", 8], ["q", 9], ["q", 10], ["q", 11], ["q", 12], ["q", 13], ["q", 14], ["q", 15], ["q", 16], ["q", 17], ["q", 18], ["q", 19], ["q", 20], ["q", 21], ["q", 22], ["q", 23], ["q", 24], ["q", 25], ["q", 26], ["q", 27], ["q", 28], ["q", 29], ["q", 30], ["q", 31], ["q", 32], ["q", 33], ["q", 34], ["q", 35], ["q", 36], ["q", 37], ["q", 38], ["q", 39], ["q", 40], ["q", 41], ["q", 42], ["q", 43], ["q", 44], ["q", 45], ["q", 46], ["q", 47], ["q", 48], ["q", 49], ["q", 50], ["q", 51], ["q", 52], ["q", 53], ["q", 54], ["q", 55], ["q", 56], ["q", 57], ["q", 58], ["q", 59], ["q", 60], ["q", 61], ["q", 62], ["q", 63], ["q", 64], ["q", 65], ["q", 66], ["q", 67], ["q", 68], ["q", 69], ["q", 70], ["q", 71], ["q", 72], ["q", 73], ["q", 74], ["q", 75], ["q", 76], ["q", 77], ["q", 78], ["q", 79], ["q", 80], ["q", 81], ["q", 82], ["q", 83], ["q", 84], ["q", 85], ["q", 86], ["q", 87], ["q", 88], ["q", 89], ["q", 90], ["q", 91], ["q", 92], ["q", 93], ["q", 94], ["q", 95], ["q", 96], ["q", 97], ["q", 98], ["q", 99], ["q", 100], ["q", 101], ["q", 102], ["q", 103], ["q", 104], ["q", 105], ["q", 106], ["q", 107], ["q", 108], ["q", 109], ["q", 110], ["q", 111], ["q", 112], ["q", 113], ["q", 114], ["q", 115], ["q", 116], ["q", 117], ["q", 118], ["q", 119], ["q", 120], ["q", 121], ["q", 122], ["q", 123], ["q", 124], ["q", 125], ["q", 126]], "n_qubits": 127, "qreg_sizes": [["q", 127]], "clbit_labels": [["c353", 0]], "memory_slots": 1, "creg_sizes": [["c353", 1]], "name": "circuit-288951", "global_phase": 2.356194490192344, "metadata": {}}, "status": "done", "meas_return": "avg"}, {"shots": 10000, "success": true, "data": {"counts": {"0x0": 5544, "0x1": 4456}}, "meas_level": 2, "header": {"qubit_labels": [["q", 0], ["q", 1], ["q", 2], ["q", 3], ["q", 4], ["q", 5], ["q", 6], ["q", 7], ["q", 8], ["q", 9], ["q", 10], ["q", 11], ["q", 12], ["q", 13], ["q", 14], ["q", 15], ["q", 16], ["q", 17], ["q", 18], ["q", 19], ["q", 20], ["q", 21], ["q", 22], ["q", 23], ["q", 24], ["q", 25], ["q", 26], ["q", 27], ["q", 28], ["q", 29], ["q", 30], ["q", 31], ["q", 32], ["q", 33], ["q", 34], ["q", 35], ["q", 36], ["q", 37], ["q", 38], ["q", 39], ["q", 40], ["q", 41], ["q", 42], ["q", 43], ["q", 44], ["q", 45], ["q", 46], ["q", 47], ["q", 48], ["q", 49], ["q", 50], ["q", 51], ["q", 52], ["q", 53], ["q", 54], ["q", 55], ["q", 56], ["q", 57], ["q", 58], ["q", 59], ["q", 60], ["q", 61], ["q", 62], ["q", 63], ["q", 64], ["q", 65], ["q", 66], ["q", 67], ["q", 68], ["q", 69], ["q", 70], ["q", 71], ["q", 72], ["q", 73], ["q", 74], ["q", 75], ["q", 76], ["q", 77], ["q", 78], ["q", 79], ["q", 80], ["q", 81], ["q", 82], ["q", 83], ["q", 84], ["q", 85], ["q", 86], ["q", 87], ["q", 88], ["q", 89], ["q", 90], ["q", 91], ["q", 92], ["q", 93], ["q", 94], ["q", 95], ["q", 96], ["q", 97], ["q", 98], ["q", 99], ["q", 100], ["q", 101], ["q", 102], ["q", 103], ["q", 104], ["q", 105], ["q", 106], ["q", 107], ["q", 108], ["q", 109], ["q", 110], ["q", 111], ["q", 112], ["q", 113], ["q", 114], ["q", 115], ["q", 116], ["q", 117], ["q", 118], ["q", 119], ["q", 120], ["q", 121], ["q", 122], ["q", 123], ["q", 124], ["q", 125], ["q", 126]], "n_qubits": 127, "qreg_sizes": [["q", 127]], "clbit_labels": [["c354", 0]], "memory_slots": 1, "creg_sizes": [["c354", 1]], "name": "circuit-289179", "global_phase": 1.5707963267948957, "metadata": {}}, "status": "done", "meas_return": "avg"}, {"shots": 10000, "success": true, "data": {"counts": {"0x0": 5375, "0x1": 4625}}, "meas_level": 2, "header": {"qubit_labels": [["q", 0], ["q", 1], ["q", 2], ["q", 3], ["q", 4], ["q", 5], ["q", 6], ["q", 7], ["q", 8], ["q", 9], ["q", 10], ["q", 11], ["q", 12], ["q", 13], ["q", 14], ["q", 15], ["q", 16], ["q", 17], ["q", 18], ["q", 19], ["q", 20], ["q", 21], ["q", 22], ["q", 23], ["q", 24], ["q", 25], ["q", 26], ["q", 27], ["q", 28], ["q", 29], ["q", 30], ["q", 31], ["q", 32], ["q", 33], ["q", 34], ["q", 35], ["q", 36], ["q", 37], ["q", 38], ["q", 39], ["q", 40], ["q", 41], ["q", 42], ["q", 43], ["q", 44], ["q", 45], ["q", 46], ["q", 47], ["q", 48], ["q", 49], ["q", 50], ["q", 51], ["q", 52], ["q", 53], ["q", 54], ["q", 55], ["q", 56], ["q", 57], ["q", 58], ["q", 59], ["q", 60], ["q", 61], ["q", 62], ["q", 63], ["q", 64], ["q", 65], ["q", 66], ["q", 67], ["q", 68], ["q", 69], ["q", 70], ["q", 71], ["q", 72], ["q", 73], ["q", 74], ["q", 75], ["q", 76], ["q", 77], ["q", 78], ["q", 79], ["q", 80], ["q", 81], ["q", 82], ["q", 83], ["q", 84], ["q", 85], ["q", 86], ["q", 87], ["q", 88], ["q", 89], ["q", 90], ["q", 91], ["q", 92], ["q", 93], ["q", 94], ["q", 95], ["q", 96], ["q", 97], ["q", 98], ["q", 99], ["q", 100], ["q", 101], ["q", 102], ["q", 103], ["q", 104], ["q", 105], ["q", 106], ["q", 107], ["q", 108], ["q", 109], ["q", 110], ["q", 111], ["q", 112], ["q", 113], ["q", 114], ["q", 115], ["q", 116], ["q", 117], ["q", 118], ["q", 119], ["q", 120], ["q", 121], ["q", 122], ["q", 123], ["q", 124], ["q", 125], ["q", 126]], "n_qubits": 127, "qreg_sizes": [["q", 127]], "clbit_labels": [["c355", 0]], "memory_slots": 1, "creg_sizes": [["c355", 1]], "name": "circuit-289451", "global_phase": 0.7853981633974474, "metadata": {}}, "status": "done", "meas_return": "avg"}, {"shots": 10000, "success": true, "data": {"counts": {"0x0": 5510, "0x1": 4490}}, "meas_level": 2, "header": {"qubit_labels": [["q", 0], ["q", 1], ["q", 2], ["q", 3], ["q", 4], ["q", 5], ["q", 6], ["q", 7], ["q", 8], ["q", 9], ["q", 10], ["q", 11], ["q", 12], ["q", 13], ["q", 14], ["q", 15], ["q", 16], ["q", 17], ["q", 18], ["q", 19], ["q", 20], ["q", 21], ["q", 22], ["q", 23], ["q", 24], ["q", 25], ["q", 26], ["q", 27], ["q", 28], ["q", 29], ["q", 30], ["q", 31], ["q", 32], ["q", 33], ["q", 34], ["q", 35], ["q", 36], ["q", 37], ["q", 38], ["q", 39], ["q", 40], ["q", 41], ["q", 42], ["q", 43], ["q", 44], ["q", 45], ["q", 46], ["q", 47], ["q", 48], ["q", 49], ["q", 50], ["q", 51], ["q", 52], ["q", 53], ["q", 54], ["q", 55], ["q", 56], ["q", 57], ["q", 58], ["q", 59], ["q", 60], ["q", 61], ["q", 62], ["q", 63], ["q", 64], ["q", 65], ["q", 66], ["q", 67], ["q", 68], ["q", 69], ["q", 70], ["q", 71], ["q", 72], ["q", 73], ["q", 74], ["q", 75], ["q", 76], ["q", 77], ["q", 78], ["q", 79], ["q", 80], ["q", 81], ["q", 82], ["q", 83], ["q", 84], ["q", 85], ["q", 86], ["q", 87], ["q", 88], ["q", 89], ["q", 90], ["q", 91], ["q", 92], ["q", 93], ["q", 94], ["q", 95], ["q", 96], ["q", 97], ["q", 98], ["q", 99], ["q", 100], ["q", 101], ["q", 102], ["q", 103], ["q", 104], ["q", 105], ["q", 106], ["q", 107], ["q", 108], ["q", 109], ["q", 110], ["q", 111], ["q", 112], ["q", 113], ["q", 114], ["q", 115], ["q", 116], ["q", 117], ["q", 118], ["q", 119], ["q", 120], ["q", 121], ["q", 122], ["q", 123], ["q", 124], ["q", 125], ["q", 126]], "n_qubits": 127, "qreg_sizes": [["q", 127]], "clbit_labels": [["c356", 0]], "memory_slots": 1, "creg_sizes": [["c356", 1]], "name": "circuit-289767", "global_phase": 6.283185307179585, "metadata": {}}, "status": "done", "meas_return": "avg"}, {"shots": 10000, "success": true, "data": {"counts": {"0x0": 5498, "0x1": 4502}}, "meas_level": 2, "header": {"qubit_labels": [["q", 0], ["q", 1], ["q", 2], ["q", 3], ["q", 4], ["q", 5], ["q", 6], ["q", 7], ["q", 8], ["q", 9], ["q", 10], ["q", 11], ["q", 12], ["q", 13], ["q", 14], ["q", 15], ["q", 16], ["q", 17], ["q", 18], ["q", 19], ["q", 20], ["q", 21], ["q", 22], ["q", 23], ["q", 24], ["q", 25], ["q", 26], ["q", 27], ["q", 28], ["q", 29], ["q", 30], ["q", 31], ["q", 32], ["q", 33], ["q", 34], ["q", 35], ["q", 36], ["q", 37], ["q", 38], ["q", 39], ["q", 40], ["q", 41], ["q", 42], ["q", 43], ["q", 44], ["q", 45], ["q", 46], ["q", 47], ["q", 48], ["q", 49], ["q", 50], ["q", 51], ["q", 52], ["q", 53], ["q", 54], ["q", 55], ["q", 56], ["q", 57], ["q", 58], ["q", 59], ["q", 60], ["q", 61], ["q", 62], ["q", 63], ["q", 64], ["q", 65], ["q", 66], ["q", 67], ["q", 68], ["q", 69], ["q", 70], ["q", 71], ["q", 72], ["q", 73], ["q", 74], ["q", 75], ["q", 76], ["q", 77], ["q", 78], ["q", 79], ["q", 80], ["q", 81], ["q", 82], ["q", 83], ["q", 84], ["q", 85], ["q", 86], ["q", 87], ["q", 88], ["q", 89], ["q", 90], ["q", 91], ["q", 92], ["q", 93], ["q", 94], ["q", 95], ["q", 96], ["q", 97], ["q", 98], ["q", 99], ["q", 100], ["q", 101], ["q", 102], ["q", 103], ["q", 104], ["q", 105], ["q", 106], ["q", 107], ["q", 108], ["q", 109], ["q", 110], ["q", 111], ["q", 112], ["q", 113], ["q", 114], ["q", 115], ["q", 116], ["q", 117], ["q", 118], ["q", 119], ["q", 120], ["q", 121], ["q", 122], ["q", 123], ["q", 124], ["q", 125], ["q", 126]], "n_qubits": 127, "qreg_sizes": [["q", 127]], "clbit_labels": [["c357", 0]], "memory_slots": 1, "creg_sizes": [["c357", 1]], "name": "circuit-290127", "global_phase": 5.497787143782137, "metadata": {}}, "status": "done", "meas_return": "avg"}, {"shots": 10000, "success": true, "data": {"counts": {"0x0": 5432, "0x1": 4568}}, "meas_level": 2, "header": {"qubit_labels": [["q", 0], ["q", 1], ["q", 2], ["q", 3], ["q", 4], ["q", 5], ["q", 6], ["q", 7], ["q", 8], ["q", 9], ["q", 10], ["q", 11], ["q", 12], ["q", 13], ["q", 14], ["q", 15], ["q", 16], ["q", 17], ["q", 18], ["q", 19], ["q", 20], ["q", 21], ["q", 22], ["q", 23], ["q", 24], ["q", 25], ["q", 26], ["q", 27], ["q", 28], ["q", 29], ["q", 30], ["q", 31], ["q", 32], ["q", 33], ["q", 34], ["q", 35], ["q", 36], ["q", 37], ["q", 38], ["q", 39], ["q", 40], ["q", 41], ["q", 42], ["q", 43], ["q", 44], ["q", 45], ["q", 46], ["q", 47], ["q", 48], ["q", 49], ["q", 50], ["q", 51], ["q", 52], ["q", 53], ["q", 54], ["q", 55], ["q", 56], ["q", 57], ["q", 58], ["q", 59], ["q", 60], ["q", 61], ["q", 62], ["q", 63], ["q", 64], ["q", 65], ["q", 66], ["q", 67], ["q", 68], ["q", 69], ["q", 70], ["q", 71], ["q", 72], ["q", 73], ["q", 74], ["q", 75], ["q", 76], ["q", 77], ["q", 78], ["q", 79], ["q", 80], ["q", 81], ["q", 82], ["q", 83], ["q", 84], ["q", 85], ["q", 86], ["q", 87], ["q", 88], ["q", 89], ["q", 90], ["q", 91], ["q", 92], ["q", 93], ["q", 94], ["q", 95], ["q", 96], ["q", 97], ["q", 98], ["q", 99], ["q", 100], ["q", 101], ["q", 102], ["q", 103], ["q", 104], ["q", 105], ["q", 106], ["q", 107], ["q", 108], ["q", 109], ["q", 110], ["q", 111], ["q", 112], ["q", 113], ["q", 114], ["q", 115], ["q", 116], ["q", 117], ["q", 118], ["q", 119], ["q", 120], ["q", 121], ["q", 122], ["q", 123], ["q", 124], ["q", 125], ["q", 126]], "n_qubits": 127, "qreg_sizes": [["q", 127]], "clbit_labels": [["c358", 0]], "memory_slots": 1, "creg_sizes": [["c358", 1]], "name": "circuit-290531", "global_phase": 4.712388980384688, "metadata": {}}, "status": "done", "meas_return": "avg"}], "execution_id": "", "time_taken": 39.753773364, "error": null}}